{
  "RMSE_Cl": 1.626738938399249e-15,
  "R2_Cl": 1.0,
  "RMSE_Cd": 4.745310380370734e-17,
  "R2_Cd": 1.0
}